generation, best_fitness, avg_fitness
0, 290.73105, 1168.518
1, 243.07343, 865.2032
2, 219.73787, 733.09436
3, 216.13878, 797.99506
4, 214.9608, 798.12964
5, 212.83235, 842.61975
6, 211.45464, 941.5943
7, 209.57578, 1006.24316
8, 206.70274, 927.8902
9, 205.54234, 823.8527
